Language;Country;Sector;Salary_USD;Modality;Experience_Level
JavaScript;USA;Embedded Systems;10957;On-site;Junior
JavaScript;USA;Mobile Apps;9340;Remote;Mid
JavaScript;USA;Enterprise Systems;5490;Remote;Senior
JavaScript;USA;Data Science;5762;Remote;Junior
JavaScript;USA;Game Dev;8383;Hybrid;Mid
JavaScript;USA;Enterprise Systems;11126;Remote;Senior
JavaScript;USA;Web Development;9140;Remote;Senior
JavaScript;USA;Enterprise Systems;5613;Hybrid;Senior
JavaScript;USA;Web Development;8563;Hybrid;Junior
JavaScript;USA;Mobile Apps;7389;On-site;Mid
JavaScript;USA;Enterprise Systems;10740;Hybrid;Mid
JavaScript;USA;Data Science;8708;On-site;Junior
JavaScript;USA;Web Development;6660;Remote;Senior
JavaScript;USA;Web Development;6273;Remote;Junior
JavaScript;USA;Enterprise Systems;8817;On-site;Mid
JavaScript;USA;Web Development;9390;On-site;Junior
JavaScript;USA;Enterprise Systems;7525;On-site;Mid
JavaScript;USA;Web Development;5740;Remote;Senior
JavaScript;USA;Data Science;11769;Hybrid;Senior
JavaScript;USA;Game Dev;5330;Remote;Mid
JavaScript;USA;Mobile Apps;5747;Hybrid;Junior
JavaScript;USA;Data Science;8246;Hybrid;Junior
JavaScript;USA;Embedded Systems;7448;On-site;Junior
JavaScript;USA;Web Development;8312;On-site;Senior
JavaScript;USA;Embedded Systems;9506;Remote;Junior
JavaScript;USA;Enterprise Systems;5834;Remote;Junior
JavaScript;USA;Web Development;5505;Remote;Junior
JavaScript;USA;Mobile Apps;11747;On-site;Mid
JavaScript;USA;Embedded Systems;10163;Hybrid;Junior
JavaScript;USA;Game Dev;9801;On-site;Junior
JavaScript;USA;Web Development;5528;Remote;Senior
JavaScript;USA;Enterprise Systems;11629;Remote;Junior
JavaScript;USA;Data Science;6003;Remote;Mid
JavaScript;USA;Web Development;6376;Hybrid;Mid
JavaScript;USA;Embedded Systems;8235;On-site;Junior
JavaScript;USA;Enterprise Systems;10596;On-site;Junior
JavaScript;USA;Data Science;6758;Remote;Mid
TypeScript;USA;Enterprise Systems;6217;Remote;Senior
TypeScript;USA;Game Dev;10054;Remote;Senior
TypeScript;USA;Data Science;9086;On-site;Senior
TypeScript;USA;Enterprise Systems;5499;Remote;Mid
TypeScript;USA;Enterprise Systems;6124;On-site;Junior
TypeScript;USA;Embedded Systems;11530;Hybrid;Junior
TypeScript;USA;Embedded Systems;11571;Hybrid;Junior
TypeScript;USA;Enterprise Systems;11405;Hybrid;Mid
TypeScript;USA;Enterprise Systems;9460;On-site;Mid
TypeScript;USA;Game Dev;9115;On-site;Mid
TypeScript;USA;Data Science;6473;Remote;Mid
TypeScript;USA;Game Dev;6794;Remote;Mid
TypeScript;USA;Web Development;11624;On-site;Senior
TypeScript;USA;Data Science;11281;Hybrid;Junior
TypeScript;USA;Mobile Apps;5820;Remote;Senior
TypeScript;USA;Mobile Apps;7183;Hybrid;Senior
TypeScript;USA;Web Development;11259;Remote;Senior
TypeScript;USA;Enterprise Systems;7906;Remote;Junior
TypeScript;USA;Mobile Apps;9853;On-site;Senior
TypeScript;USA;Embedded Systems;7939;Hybrid;Junior
TypeScript;USA;Embedded Systems;10738;On-site;Senior
TypeScript;USA;Game Dev;6164;Hybrid;Junior
TypeScript;USA;Enterprise Systems;9441;On-site;Junior
TypeScript;USA;Enterprise Systems;5310;Remote;Junior
TypeScript;USA;Mobile Apps;9928;Remote;Junior
TypeScript;USA;Game Dev;8915;Remote;Mid
TypeScript;USA;Game Dev;6650;Remote;Mid
TypeScript;USA;Embedded Systems;6453;On-site;Junior
TypeScript;USA;Web Development;6210;Hybrid;Senior
TypeScript;USA;Mobile Apps;11343;Remote;Senior
TypeScript;USA;Data Science;5594;On-site;Senior
TypeScript;USA;Embedded Systems;8240;Hybrid;Junior
TypeScript;USA;Data Science;7472;On-site;Junior
Python;USA;Embedded Systems;8578;Hybrid;Mid
Python;USA;Embedded Systems;7599;Remote;Senior
Python;USA;Game Dev;10681;Hybrid;Mid
Python;USA;Mobile Apps;10452;Hybrid;Junior
Python;USA;Enterprise Systems;7513;Hybrid;Senior
Python;USA;Data Science;6043;Remote;Senior
Python;USA;Web Development;10750;Hybrid;Mid
Python;USA;Game Dev;5265;Remote;Senior
Python;USA;Data Science;11625;Hybrid;Junior
Python;USA;Embedded Systems;9632;Remote;Mid
Python;USA;Mobile Apps;7712;Hybrid;Junior
Python;USA;Mobile Apps;7841;On-site;Junior
Python;USA;Embedded Systems;5726;Hybrid;Senior
Python;USA;Embedded Systems;10974;On-site;Mid
Python;USA;Web Development;7172;Remote;Junior
Python;USA;Embedded Systems;5555;On-site;Mid
Python;USA;Web Development;10901;Remote;Junior
Python;USA;Enterprise Systems;8589;Hybrid;Mid
Python;USA;Mobile Apps;8391;On-site;Mid
Python;USA;Data Science;9473;On-site;Junior
Python;USA;Enterprise Systems;11461;Hybrid;Senior
Python;USA;Embedded Systems;6847;Remote;Mid
Python;USA;Web Development;11547;Remote;Mid
Python;USA;Web Development;7610;On-site;Junior
Python;USA;Web Development;7800;Remote;Mid
Python;USA;Mobile Apps;10996;Remote;Senior
Python;USA;Web Development;7768;Hybrid;Senior
Python;USA;Enterprise Systems;10771;Remote;Mid
Python;USA;Embedded Systems;6351;Hybrid;Mid
Python;USA;Mobile Apps;5438;Remote;Mid
Java;USA;Mobile Apps;8352;Hybrid;Senior
Java;USA;Embedded Systems;10979;Hybrid;Mid
Java;USA;Embedded Systems;7306;On-site;Junior
Java;USA;Web Development;5406;On-site;Senior
Java;USA;Game Dev;11880;On-site;Junior
Java;USA;Web Development;7955;Remote;Mid
Java;USA;Web Development;7412;Hybrid;Senior
Java;USA;Game Dev;8934;Remote;Junior
Java;USA;Web Development;6695;Remote;Senior
Java;USA;Data Science;5671;On-site;Junior
Java;USA;Data Science;11429;On-site;Mid
Java;USA;Enterprise Systems;10415;On-site;Junior
Java;USA;Embedded Systems;9457;On-site;Junior
Java;USA;Data Science;8124;On-site;Junior
Java;USA;Enterprise Systems;5365;On-site;Mid
Java;USA;Enterprise Systems;7157;Remote;Mid
Java;USA;Game Dev;5504;Remote;Senior
Java;USA;Embedded Systems;5792;Remote;Senior
Java;USA;Data Science;11620;Hybrid;Mid
Java;USA;Game Dev;6863;Hybrid;Junior
Java;USA;Enterprise Systems;11704;Hybrid;Mid
Java;USA;Game Dev;10628;On-site;Senior
Java;USA;Mobile Apps;8901;On-site;Junior
Java;USA;Enterprise Systems;11995;Hybrid;Junior
Java;USA;Game Dev;9679;Hybrid;Senior
Java;USA;Embedded Systems;10081;Remote;Junior
Java;USA;Enterprise Systems;6416;Remote;Junior
Java;USA;Mobile Apps;6033;Remote;Mid
Java;USA;Web Development;10596;On-site;Junior
Java;USA;Embedded Systems;6211;Hybrid;Mid
Java;USA;Data Science;10956;Remote;Junior
C#;USA;Game Dev;8255;Hybrid;Mid
C#;USA;Data Science;9257;On-site;Junior
C#;USA;Embedded Systems;10104;Hybrid;Senior
C#;USA;Enterprise Systems;5921;On-site;Junior
C#;USA;Mobile Apps;9641;Hybrid;Senior
C#;USA;Web Development;5865;Hybrid;Junior
C#;USA;Data Science;9387;On-site;Mid
C#;USA;Data Science;8137;Hybrid;Mid
C#;USA;Game Dev;9988;On-site;Junior
C#;USA;Mobile Apps;7256;On-site;Junior
C#;USA;Game Dev;9986;Hybrid;Senior
C#;USA;Enterprise Systems;5317;On-site;Mid
C#;USA;Embedded Systems;6946;Remote;Senior
C#;USA;Enterprise Systems;7200;On-site;Junior
C#;USA;Data Science;11696;On-site;Mid
C#;USA;Data Science;11904;On-site;Senior
C#;USA;Embedded Systems;5804;Remote;Junior
C#;USA;Data Science;11092;On-site;Mid
C#;USA;Data Science;10970;On-site;Senior
C#;USA;Embedded Systems;5731;Remote;Mid
C#;USA;Mobile Apps;11749;On-site;Senior
C#;USA;Enterprise Systems;11221;Hybrid;Mid
C#;USA;Web Development;9221;Remote;Junior
C#;USA;Data Science;10812;Hybrid;Mid
C#;USA;Mobile Apps;11393;Hybrid;Senior
C#;USA;Web Development;6423;Remote;Junior
C#;USA;Web Development;7043;Remote;Mid
C#;USA;Web Development;7952;Hybrid;Junior
C#;USA;Data Science;8017;On-site;Senior
C#;USA;Enterprise Systems;10205;Remote;Senior
C#;USA;Web Development;6981;On-site;Mid
C#;USA;Game Dev;8654;Remote;Mid
C#;USA;Game Dev;9516;On-site;Mid
C#;USA;Mobile Apps;11862;On-site;Senior
C#;USA;Embedded Systems;5740;On-site;Junior
C#;USA;Enterprise Systems;5406;Remote;Senior
C#;USA;Mobile Apps;6813;Hybrid;Junior
PHP;USA;Data Science;10337;On-site;Senior
PHP;USA;Web Development;11392;Hybrid;Junior
PHP;USA;Enterprise Systems;6083;Hybrid;Junior
PHP;USA;Game Dev;11560;Remote;Junior
PHP;USA;Data Science;9983;On-site;Senior
PHP;USA;Embedded Systems;10265;On-site;Mid
PHP;USA;Enterprise Systems;11976;On-site;Mid
PHP;USA;Data Science;6787;On-site;Mid
PHP;USA;Embedded Systems;9265;Hybrid;Mid
PHP;USA;Game Dev;5838;Remote;Senior
PHP;USA;Embedded Systems;11908;On-site;Senior
PHP;USA;Embedded Systems;9864;Hybrid;Mid
PHP;USA;Data Science;10606;Remote;Mid
PHP;USA;Web Development;7754;On-site;Senior
PHP;USA;Data Science;7268;On-site;Senior
PHP;USA;Embedded Systems;10336;On-site;Junior
PHP;USA;Mobile Apps;9237;Remote;Junior
PHP;USA;Game Dev;8310;Hybrid;Mid
PHP;USA;Embedded Systems;6146;Hybrid;Junior
PHP;USA;Embedded Systems;9074;On-site;Mid
PHP;USA;Enterprise Systems;8314;On-site;Senior
PHP;USA;Web Development;9776;Hybrid;Senior
PHP;USA;Mobile Apps;7811;Hybrid;Senior
PHP;USA;Mobile Apps;10622;Hybrid;Senior
PHP;USA;Enterprise Systems;10503;On-site;Senior
PHP;USA;Data Science;11925;Remote;Senior
PHP;USA;Game Dev;6483;On-site;Junior
PHP;USA;Enterprise Systems;6048;Hybrid;Mid
PHP;USA;Embedded Systems;11621;Hybrid;Junior
PHP;USA;Embedded Systems;7749;Hybrid;Junior
PHP;USA;Mobile Apps;7910;Remote;Senior
C/C++;USA;Enterprise Systems;11456;On-site;Mid
C/C++;USA;Data Science;9796;On-site;Mid
C/C++;USA;Web Development;8854;Remote;Senior
C/C++;USA;Game Dev;9753;Hybrid;Junior
C/C++;USA;Enterprise Systems;6593;Hybrid;Junior
C/C++;USA;Embedded Systems;8126;Hybrid;Mid
C/C++;USA;Enterprise Systems;5442;Remote;Junior
C/C++;USA;Mobile Apps;7807;On-site;Senior
C/C++;USA;Enterprise Systems;6173;On-site;Senior
C/C++;USA;Mobile Apps;11381;Remote;Mid
C/C++;USA;Data Science;10169;Remote;Mid
C/C++;USA;Embedded Systems;5475;Remote;Mid
C/C++;USA;Data Science;6715;Remote;Senior
C/C++;USA;Mobile Apps;9010;Remote;Junior
C/C++;USA;Game Dev;8552;Hybrid;Mid
C/C++;USA;Enterprise Systems;8514;On-site;Mid
C/C++;USA;Web Development;5309;Hybrid;Junior
C/C++;USA;Embedded Systems;8056;Remote;Mid
C/C++;USA;Game Dev;6561;Remote;Senior
C/C++;USA;Web Development;10133;Hybrid;Junior
C/C++;USA;Mobile Apps;10681;On-site;Mid
C/C++;USA;Mobile Apps;5841;On-site;Senior
C/C++;USA;Game Dev;7507;Remote;Junior
C/C++;USA;Web Development;7442;On-site;Mid
C/C++;USA;Embedded Systems;9262;Hybrid;Senior
C/C++;USA;Data Science;8552;Hybrid;Junior
C/C++;USA;Data Science;9015;On-site;Junior
C/C++;USA;Mobile Apps;11651;On-site;Junior
C/C++;USA;Mobile Apps;6837;Hybrid;Junior
C/C++;USA;Mobile Apps;11013;Remote;Senior
C/C++;USA;Game Dev;6384;Remote;Mid
C/C++;USA;Embedded Systems;10329;Remote;Mid
C/C++;USA;Embedded Systems;7095;Hybrid;Senior
C/C++;USA;Web Development;9865;Remote;Senior
Ruby;USA;Embedded Systems;11849;Remote;Junior
Ruby;USA;Embedded Systems;5948;On-site;Mid
Ruby;USA;Enterprise Systems;6012;Hybrid;Mid
Ruby;USA;Enterprise Systems;10749;Remote;Junior
Ruby;USA;Embedded Systems;10617;Hybrid;Junior
Ruby;USA;Data Science;8447;Hybrid;Junior
Ruby;USA;Embedded Systems;9262;On-site;Senior
Ruby;USA;Game Dev;10740;Remote;Mid
Ruby;USA;Web Development;9190;Hybrid;Senior
Ruby;USA;Web Development;7315;Remote;Junior
Ruby;USA;Enterprise Systems;6627;Hybrid;Junior
Ruby;USA;Data Science;11811;Hybrid;Junior
Ruby;USA;Data Science;10762;On-site;Mid
Ruby;USA;Mobile Apps;5322;Hybrid;Mid
Ruby;USA;Mobile Apps;10637;On-site;Mid
Ruby;USA;Mobile Apps;5022;Remote;Senior
Ruby;USA;Web Development;5904;Hybrid;Senior
Ruby;USA;Enterprise Systems;6221;Remote;Senior
Ruby;USA;Web Development;10927;Hybrid;Junior
Ruby;USA;Data Science;10278;Remote;Mid
Ruby;USA;Data Science;7163;On-site;Junior
Ruby;USA;Web Development;11661;Remote;Junior
Ruby;USA;Data Science;7950;Hybrid;Mid
Ruby;USA;Enterprise Systems;11050;Remote;Junior
Ruby;USA;Web Development;5079;Remote;Senior
Ruby;USA;Embedded Systems;6396;On-site;Mid
Ruby;USA;Enterprise Systems;10093;On-site;Senior
Ruby;USA;Web Development;8052;On-site;Junior
JavaScript;Canada;Enterprise Systems;7278;On-site;Mid
JavaScript;Canada;Enterprise Systems;9651;On-site;Mid
JavaScript;Canada;Embedded Systems;5366;Remote;Junior
JavaScript;Canada;Embedded Systems;9950;Remote;Junior
JavaScript;Canada;Web Development;7408;Hybrid;Mid
JavaScript;Canada;Game Dev;9557;On-site;Junior
JavaScript;Canada;Game Dev;7110;On-site;Senior
JavaScript;Canada;Web Development;9607;Hybrid;Junior
JavaScript;Canada;Enterprise Systems;7998;Remote;Mid
JavaScript;Canada;Enterprise Systems;4376;Remote;Mid
JavaScript;Canada;Embedded Systems;6574;Remote;Senior
JavaScript;Canada;Embedded Systems;8299;Hybrid;Senior
JavaScript;Canada;Embedded Systems;8628;Remote;Senior
JavaScript;Canada;Data Science;8252;Hybrid;Senior
JavaScript;Canada;Embedded Systems;9064;Remote;Mid
JavaScript;Canada;Embedded Systems;9952;Remote;Mid
JavaScript;Canada;Data Science;9437;Hybrid;Senior
JavaScript;Canada;Enterprise Systems;5217;Hybrid;Senior
JavaScript;Canada;Web Development;4095;Hybrid;Junior
JavaScript;Canada;Game Dev;7844;On-site;Junior
JavaScript;Canada;Web Development;8027;On-site;Junior
JavaScript;Canada;Data Science;6278;Remote;Senior
JavaScript;Canada;Mobile Apps;8509;Hybrid;Mid
JavaScript;Canada;Enterprise Systems;5925;Remote;Mid
JavaScript;Canada;Enterprise Systems;8694;On-site;Junior
JavaScript;Canada;Enterprise Systems;7662;On-site;Junior
JavaScript;Canada;Enterprise Systems;9352;Remote;Junior
JavaScript;Canada;Enterprise Systems;7377;Remote;Senior
TypeScript;Canada;Web Development;8949;Hybrid;Senior
TypeScript;Canada;Data Science;8164;Hybrid;Junior
TypeScript;Canada;Embedded Systems;9500;On-site;Mid
TypeScript;Canada;Data Science;4444;Remote;Mid
TypeScript;Canada;Data Science;8588;Hybrid;Senior
TypeScript;Canada;Enterprise Systems;9870;Hybrid;Mid
TypeScript;Canada;Embedded Systems;7707;Remote;Junior
TypeScript;Canada;Embedded Systems;5816;Remote;Mid
TypeScript;Canada;Data Science;9190;On-site;Senior
TypeScript;Canada;Game Dev;7062;Hybrid;Junior
TypeScript;Canada;Web Development;5344;On-site;Junior
TypeScript;Canada;Embedded Systems;9911;On-site;Junior
TypeScript;Canada;Data Science;9004;Remote;Junior
TypeScript;Canada;Web Development;7218;Remote;Mid
TypeScript;Canada;Mobile Apps;9871;On-site;Junior
TypeScript;Canada;Enterprise Systems;4380;Hybrid;Senior
TypeScript;Canada;Game Dev;5009;On-site;Mid
TypeScript;Canada;Embedded Systems;8827;Hybrid;Junior
TypeScript;Canada;Enterprise Systems;4035;Hybrid;Senior
TypeScript;Canada;Web Development;8532;On-site;Senior
TypeScript;Canada;Enterprise Systems;8164;Remote;Senior
TypeScript;Canada;Game Dev;5422;Hybrid;Junior
TypeScript;Canada;Web Development;7173;Hybrid;Senior
TypeScript;Canada;Game Dev;6636;Hybrid;Mid
TypeScript;Canada;Enterprise Systems;8988;Hybrid;Junior
Python;Canada;Enterprise Systems;6808;On-site;Mid
Python;Canada;Mobile Apps;5131;On-site;Senior
Python;Canada;Embedded Systems;8196;On-site;Senior
Python;Canada;Game Dev;6571;Hybrid;Senior
Python;Canada;Game Dev;9182;Remote;Junior
Python;Canada;Mobile Apps;9113;Hybrid;Mid
Python;Canada;Embedded Systems;6828;Hybrid;Junior
Python;Canada;Embedded Systems;9325;Remote;Senior
Python;Canada;Game Dev;9687;Hybrid;Mid
Python;Canada;Embedded Systems;4945;On-site;Senior
Python;Canada;Enterprise Systems;8774;Hybrid;Senior
Python;Canada;Embedded Systems;7419;Hybrid;Senior
Python;Canada;Game Dev;6342;On-site;Junior
Python;Canada;Game Dev;4872;Remote;Mid
Python;Canada;Mobile Apps;4434;Hybrid;Junior
Python;Canada;Mobile Apps;6187;Remote;Mid
Python;Canada;Embedded Systems;6052;Remote;Junior
Python;Canada;Embedded Systems;6417;Remote;Senior
Python;Canada;Web Development;6938;On-site;Junior
Python;Canada;Game Dev;9533;Hybrid;Senior
Python;Canada;Mobile Apps;9301;Hybrid;Mid
Python;Canada;Mobile Apps;8185;Hybrid;Mid
Python;Canada;Embedded Systems;9443;Remote;Mid
Python;Canada;Enterprise Systems;7412;Hybrid;Mid
Python;Canada;Game Dev;4440;Remote;Senior
Python;Canada;Data Science;5663;Hybrid;Mid
Python;Canada;Mobile Apps;9191;Hybrid;Senior
Python;Canada;Embedded Systems;7012;Hybrid;Senior
Python;Canada;Embedded Systems;8942;Remote;Senior
Python;Canada;Mobile Apps;6409;On-site;Junior
Python;Canada;Embedded Systems;4610;Remote;Junior
Python;Canada;Embedded Systems;8209;Remote;Mid
Python;Canada;Web Development;7510;On-site;Senior
Java;Canada;Mobile Apps;5318;Hybrid;Mid
Java;Canada;Web Development;6707;On-site;Senior
Java;Canada;Mobile Apps;4327;Remote;Mid
Java;Canada;Game Dev;4416;Hybrid;Senior
Java;Canada;Embedded Systems;6467;On-site;Senior
Java;Canada;Game Dev;6933;Remote;Senior
Java;Canada;Data Science;8304;Remote;Junior
Java;Canada;Game Dev;4558;Hybrid;Junior
Java;Canada;Enterprise Systems;8448;Hybrid;Mid
Java;Canada;Web Development;6862;Remote;Junior
Java;Canada;Embedded Systems;6718;On-site;Mid
Java;Canada;Data Science;5789;Hybrid;Senior
Java;Canada;Enterprise Systems;8598;Hybrid;Junior
Java;Canada;Web Development;9479;On-site;Mid
Java;Canada;Mobile Apps;9261;Hybrid;Senior
Java;Canada;Mobile Apps;4326;Hybrid;Mid
Java;Canada;Enterprise Systems;4928;On-site;Mid
Java;Canada;Game Dev;9930;On-site;Junior
Java;Canada;Game Dev;7071;Hybrid;Senior
Java;Canada;Enterprise Systems;7987;Remote;Mid
Java;Canada;Embedded Systems;5577;On-site;Senior
Java;Canada;Web Development;4786;Remote;Senior
Java;Canada;Game Dev;4060;Hybrid;Junior
Java;Canada;Mobile Apps;9491;Hybrid;Junior
Java;Canada;Embedded Systems;7475;Remote;Junior
Java;Canada;Game Dev;9756;Hybrid;Mid
Java;Canada;Embedded Systems;4590;Hybrid;Senior
Java;Canada;Mobile Apps;4194;On-site;Senior
Java;Canada;Data Science;4310;Remote;Junior
Java;Canada;Web Development;5458;On-site;Senior
Java;Canada;Web Development;8710;Remote;Mid
Java;Canada;Enterprise Systems;7178;On-site;Senior
Java;Canada;Enterprise Systems;7547;On-site;Junior
C#;Canada;Embedded Systems;4969;Hybrid;Junior
C#;Canada;Embedded Systems;9900;Hybrid;Junior
C#;Canada;Embedded Systems;8797;Remote;Senior
C#;Canada;Web Development;6930;Hybrid;Junior
C#;Canada;Data Science;9618;On-site;Senior
C#;Canada;Web Development;6306;On-site;Mid
C#;Canada;Enterprise Systems;9412;Remote;Mid
C#;Canada;Mobile Apps;8370;Remote;Junior
C#;Canada;Embedded Systems;7203;Hybrid;Mid
C#;Canada;Embedded Systems;5180;On-site;Senior
C#;Canada;Embedded Systems;9307;On-site;Junior
C#;Canada;Game Dev;8547;Remote;Junior
C#;Canada;Web Development;4041;Hybrid;Senior
C#;Canada;Enterprise Systems;8400;Hybrid;Junior
C#;Canada;Data Science;5720;Hybrid;Senior
C#;Canada;Embedded Systems;6816;Remote;Mid
C#;Canada;Embedded Systems;8198;Remote;Junior
C#;Canada;Mobile Apps;5808;Hybrid;Mid
C#;Canada;Mobile Apps;4938;Remote;Senior
C#;Canada;Game Dev;4445;Hybrid;Mid
C#;Canada;Embedded Systems;8502;Remote;Mid
C#;Canada;Embedded Systems;4551;On-site;Junior
C#;Canada;Mobile Apps;9944;Hybrid;Mid
C#;Canada;Data Science;6925;Remote;Senior
C#;Canada;Embedded Systems;5921;Remote;Mid
C#;Canada;Game Dev;4571;Remote;Mid
C#;Canada;Enterprise Systems;7691;On-site;Senior
C#;Canada;Embedded Systems;6504;Hybrid;Senior
C#;Canada;Mobile Apps;8633;Hybrid;Mid
C#;Canada;Data Science;7508;Remote;Junior
C#;Canada;Data Science;6016;Remote;Senior
C#;Canada;Embedded Systems;9249;On-site;Mid
C#;Canada;Data Science;5100;Hybrid;Senior
C#;Canada;Data Science;7931;On-site;Mid
C#;Canada;Data Science;6502;On-site;Senior
C#;Canada;Web Development;5439;Hybrid;Senior
C#;Canada;Web Development;6298;Remote;Senior
PHP;Canada;Data Science;9133;Remote;Senior
PHP;Canada;Web Development;4152;Hybrid;Senior
PHP;Canada;Web Development;8766;Hybrid;Mid
PHP;Canada;Game Dev;5742;Remote;Senior
PHP;Canada;Data Science;8452;Hybrid;Mid
PHP;Canada;Embedded Systems;5217;On-site;Mid
PHP;Canada;Mobile Apps;8830;Hybrid;Mid
PHP;Canada;Mobile Apps;7806;Hybrid;Senior
PHP;Canada;Web Development;7250;On-site;Senior
PHP;Canada;Web Development;9428;Remote;Senior
PHP;Canada;Embedded Systems;5358;Hybrid;Junior
PHP;Canada;Enterprise Systems;5304;Remote;Senior
PHP;Canada;Game Dev;9401;Remote;Senior
PHP;Canada;Embedded Systems;7960;On-site;Junior
PHP;Canada;Mobile Apps;7994;Remote;Junior
PHP;Canada;Data Science;7026;Remote;Junior
PHP;Canada;Embedded Systems;5693;Hybrid;Mid
PHP;Canada;Enterprise Systems;7847;On-site;Junior
PHP;Canada;Web Development;9312;On-site;Junior
PHP;Canada;Embedded Systems;8271;Hybrid;Mid
PHP;Canada;Embedded Systems;6157;Hybrid;Senior
PHP;Canada;Game Dev;5424;On-site;Senior
PHP;Canada;Enterprise Systems;6992;Hybrid;Senior
PHP;Canada;Web Development;8232;On-site;Mid
PHP;Canada;Mobile Apps;8230;On-site;Mid
PHP;Canada;Data Science;7988;On-site;Senior
PHP;Canada;Web Development;8111;Remote;Mid
PHP;Canada;Mobile Apps;5884;Remote;Senior
PHP;Canada;Embedded Systems;6300;Remote;Junior
PHP;Canada;Mobile Apps;5289;On-site;Senior
PHP;Canada;Embedded Systems;4969;Hybrid;Junior
C/C++;Canada;Data Science;9900;Remote;Mid
C/C++;Canada;Embedded Systems;7922;On-site;Junior
C/C++;Canada;Game Dev;5320;Hybrid;Mid
C/C++;Canada;Web Development;5996;Remote;Junior
C/C++;Canada;Game Dev;8852;Remote;Junior
C/C++;Canada;Embedded Systems;8199;Remote;Senior
C/C++;Canada;Mobile Apps;4458;Remote;Mid
C/C++;Canada;Mobile Apps;8232;On-site;Senior
C/C++;Canada;Game Dev;9223;Remote;Senior
C/C++;Canada;Embedded Systems;9421;On-site;Junior
C/C++;Canada;Mobile Apps;7679;Hybrid;Mid
C/C++;Canada;Enterprise Systems;5397;Remote;Mid
C/C++;Canada;Game Dev;5169;Hybrid;Junior
C/C++;Canada;Game Dev;9403;Hybrid;Mid
C/C++;Canada;Mobile Apps;9932;Hybrid;Mid
C/C++;Canada;Enterprise Systems;8886;Hybrid;Junior
C/C++;Canada;Mobile Apps;7098;On-site;Junior
C/C++;Canada;Web Development;4135;Remote;Senior
C/C++;Canada;Game Dev;9606;On-site;Junior
C/C++;Canada;Game Dev;4788;Remote;Mid
C/C++;Canada;Game Dev;8913;Remote;Senior
C/C++;Canada;Game Dev;4962;Remote;Mid
C/C++;Canada;Embedded Systems;5067;Hybrid;Senior
C/C++;Canada;Web Development;9558;Hybrid;Mid
C/C++;Canada;Game Dev;7446;On-site;Junior
C/C++;Canada;Embedded Systems;8340;On-site;Junior
C/C++;Canada;Enterprise Systems;7123;On-site;Senior
C/C++;Canada;Embedded Systems;9707;Hybrid;Junior
C/C++;Canada;Enterprise Systems;5096;On-site;Mid
C/C++;Canada;Mobile Apps;4686;On-site;Senior
C/C++;Canada;Game Dev;7347;On-site;Junior
C/C++;Canada;Web Development;9809;Hybrid;Junior
C/C++;Canada;Game Dev;8280;Remote;Senior
C/C++;Canada;Web Development;7072;Hybrid;Junior
C/C++;Canada;Embedded Systems;6587;On-site;Mid
C/C++;Canada;Web Development;5267;On-site;Senior
C/C++;Canada;Game Dev;6077;On-site;Senior
C/C++;Canada;Enterprise Systems;8625;On-site;Senior
Ruby;Canada;Embedded Systems;7255;Remote;Mid
Ruby;Canada;Game Dev;8567;On-site;Junior
Ruby;Canada;Data Science;8580;Hybrid;Mid
Ruby;Canada;Data Science;6512;Hybrid;Mid
Ruby;Canada;Embedded Systems;7261;Hybrid;Junior
Ruby;Canada;Embedded Systems;4975;Hybrid;Junior
Ruby;Canada;Enterprise Systems;9728;Remote;Junior
Ruby;Canada;Mobile Apps;8164;On-site;Mid
Ruby;Canada;Game Dev;9030;Hybrid;Senior
Ruby;Canada;Embedded Systems;4426;Remote;Mid
Ruby;Canada;Embedded Systems;4043;Remote;Junior
Ruby;Canada;Enterprise Systems;8917;On-site;Junior
Ruby;Canada;Web Development;6155;Remote;Mid
Ruby;Canada;Web Development;8989;Remote;Senior
Ruby;Canada;Enterprise Systems;7282;Hybrid;Senior
Ruby;Canada;Game Dev;6346;Hybrid;Senior
Ruby;Canada;Web Development;5435;Hybrid;Mid
Ruby;Canada;Enterprise Systems;4087;Remote;Senior
Ruby;Canada;Game Dev;6342;Remote;Junior
Ruby;Canada;Game Dev;8182;Hybrid;Senior
Ruby;Canada;Mobile Apps;9039;Remote;Senior
Ruby;Canada;Web Development;6946;Remote;Senior
Ruby;Canada;Web Development;5289;Remote;Mid
Ruby;Canada;Enterprise Systems;6892;Hybrid;Mid
Ruby;Canada;Enterprise Systems;8801;Remote;Senior
Ruby;Canada;Web Development;9764;Remote;Junior
Ruby;Canada;Game Dev;6330;Hybrid;Senior
Ruby;Canada;Game Dev;6851;On-site;Mid
Ruby;Canada;Mobile Apps;8967;Remote;Mid
Ruby;Canada;Enterprise Systems;8709;Remote;Mid
Ruby;Canada;Mobile Apps;7335;Hybrid;Junior
Ruby;Canada;Game Dev;4592;Hybrid;Mid
Ruby;Canada;Data Science;4958;Hybrid;Mid
JavaScript;Germany;Embedded Systems;7127;On-site;Senior
JavaScript;Germany;Enterprise Systems;5492;On-site;Mid
JavaScript;Germany;Embedded Systems;7274;Hybrid;Junior
JavaScript;Germany;Enterprise Systems;4452;On-site;Junior
JavaScript;Germany;Enterprise Systems;8690;Remote;Senior
JavaScript;Germany;Embedded Systems;5383;On-site;Mid
JavaScript;Germany;Data Science;7731;Hybrid;Junior
JavaScript;Germany;Embedded Systems;5657;Remote;Mid
JavaScript;Germany;Web Development;6768;Hybrid;Senior
JavaScript;Germany;Data Science;4122;Hybrid;Junior
JavaScript;Germany;Enterprise Systems;6071;On-site;Junior
JavaScript;Germany;Game Dev;5704;Remote;Senior
JavaScript;Germany;Embedded Systems;5057;On-site;Senior
JavaScript;Germany;Mobile Apps;5423;Hybrid;Junior
JavaScript;Germany;Data Science;5193;Remote;Junior
JavaScript;Germany;Mobile Apps;8567;On-site;Junior
JavaScript;Germany;Web Development;4482;Remote;Senior
JavaScript;Germany;Embedded Systems;7535;Hybrid;Junior
JavaScript;Germany;Game Dev;3846;On-site;Mid
JavaScript;Germany;Game Dev;6083;On-site;Senior
JavaScript;Germany;Data Science;7520;Remote;Senior
JavaScript;Germany;Data Science;6759;Remote;Senior
JavaScript;Germany;Mobile Apps;3943;Hybrid;Mid
JavaScript;Germany;Enterprise Systems;7929;Remote;Senior
JavaScript;Germany;Data Science;6725;Hybrid;Junior
JavaScript;Germany;Enterprise Systems;4486;Hybrid;Senior
JavaScript;Germany;Enterprise Systems;6085;Hybrid;Junior
JavaScript;Germany;Web Development;5226;On-site;Senior
JavaScript;Germany;Web Development;6165;On-site;Senior
JavaScript;Germany;Data Science;5033;Hybrid;Mid
JavaScript;Germany;Mobile Apps;5706;On-site;Senior
JavaScript;Germany;Data Science;6497;Remote;Mid
JavaScript;Germany;Enterprise Systems;5224;On-site;Senior
TypeScript;Germany;Data Science;6781;On-site;Mid
TypeScript;Germany;Mobile Apps;8180;Remote;Senior
TypeScript;Germany;Embedded Systems;5372;Remote;Senior
TypeScript;Germany;Data Science;5431;Hybrid;Mid
TypeScript;Germany;Enterprise Systems;5106;Remote;Senior
TypeScript;Germany;Mobile Apps;7374;Remote;Junior
TypeScript;Germany;Enterprise Systems;7592;Remote;Senior
TypeScript;Germany;Game Dev;7874;Hybrid;Mid
TypeScript;Germany;Enterprise Systems;5957;On-site;Senior
TypeScript;Germany;Game Dev;3890;On-site;Junior
TypeScript;Germany;Embedded Systems;4838;Remote;Junior
TypeScript;Germany;Data Science;7403;Hybrid;Junior
TypeScript;Germany;Enterprise Systems;6241;On-site;Mid
TypeScript;Germany;Data Science;8090;Hybrid;Mid
TypeScript;Germany;Data Science;3662;On-site;Junior
TypeScript;Germany;Data Science;8460;Remote;Senior
TypeScript;Germany;Game Dev;8823;Hybrid;Senior
TypeScript;Germany;Mobile Apps;5831;On-site;Mid
TypeScript;Germany;Embedded Systems;7681;On-site;Senior
TypeScript;Germany;Enterprise Systems;4142;On-site;Senior
TypeScript;Germany;Data Science;7299;Hybrid;Junior
TypeScript;Germany;Mobile Apps;8747;On-site;Mid
TypeScript;Germany;Embedded Systems;8516;Hybrid;Mid
TypeScript;Germany;Web Development;4148;Remote;Mid
TypeScript;Germany;Mobile Apps;6068;On-site;Senior
TypeScript;Germany;Data Science;5691;Hybrid;Senior
TypeScript;Germany;Enterprise Systems;5722;On-site;Mid
TypeScript;Germany;Embedded Systems;8308;Hybrid;Mid
TypeScript;Germany;Enterprise Systems;4870;Remote;Junior
TypeScript;Germany;Mobile Apps;5422;Hybrid;Mid
TypeScript;Germany;Embedded Systems;4155;Remote;Junior
TypeScript;Germany;Enterprise Systems;4343;Remote;Junior
TypeScript;Germany;Enterprise Systems;7992;Remote;Junior
TypeScript;Germany;Enterprise Systems;7792;Remote;Junior
TypeScript;Germany;Data Science;8563;Remote;Junior
TypeScript;Germany;Embedded Systems;6693;On-site;Junior
Python;Germany;Embedded Systems;5827;On-site;Senior
Python;Germany;Mobile Apps;4575;Hybrid;Junior
Python;Germany;Web Development;3787;Hybrid;Mid
Python;Germany;Data Science;7400;On-site;Senior
Python;Germany;Data Science;7993;On-site;Junior
Python;Germany;Embedded Systems;7917;Remote;Senior
Python;Germany;Game Dev;7240;Hybrid;Senior
Python;Germany;Embedded Systems;8120;On-site;Senior
Python;Germany;Embedded Systems;8739;Hybrid;Mid
Python;Germany;Data Science;7445;Hybrid;Junior
Python;Germany;Web Development;7119;On-site;Mid
Python;Germany;Enterprise Systems;5628;Remote;Mid
Python;Germany;Web Development;3500;Hybrid;Junior
Python;Germany;Data Science;5849;On-site;Senior
Python;Germany;Web Development;7529;On-site;Mid
Python;Germany;Web Development;7026;On-site;Senior
Python;Germany;Mobile Apps;3559;Hybrid;Mid
Python;Germany;Mobile Apps;6872;Hybrid;Mid
Python;Germany;Enterprise Systems;5547;Remote;Senior
Python;Germany;Embedded Systems;8791;On-site;Mid
Python;Germany;Mobile Apps;5654;Remote;Mid
Python;Germany;Embedded Systems;5462;Hybrid;Senior
Python;Germany;Embedded Systems;5727;On-site;Senior
Python;Germany;Embedded Systems;7857;On-site;Mid
Python;Germany;Mobile Apps;4060;Remote;Junior
Python;Germany;Data Science;4404;Hybrid;Mid
Python;Germany;Game Dev;7209;On-site;Senior
Python;Germany;Game Dev;7530;Remote;Mid
Python;Germany;Web Development;4746;Remote;Senior
Python;Germany;Web Development;5023;Remote;Mid
Python;Germany;Data Science;4524;Hybrid;Mid
Python;Germany;Embedded Systems;3567;Remote;Junior
Java;Germany;Web Development;7543;Remote;Mid
Java;Germany;Enterprise Systems;6052;On-site;Mid
Java;Germany;Enterprise Systems;3759;On-site;Junior
Java;Germany;Mobile Apps;3959;On-site;Mid
Java;Germany;Web Development;7949;On-site;Junior
Java;Germany;Mobile Apps;5548;On-site;Junior
Java;Germany;Web Development;5539;On-site;Mid
Java;Germany;Mobile Apps;3774;Remote;Mid
Java;Germany;Embedded Systems;4269;Hybrid;Senior
Java;Germany;Mobile Apps;7373;On-site;Senior
Java;Germany;Data Science;6146;Remote;Senior
Java;Germany;Embedded Systems;3845;Hybrid;Senior
Java;Germany;Game Dev;4500;On-site;Mid
Java;Germany;Embedded Systems;5947;Remote;Mid
Java;Germany;Web Development;8961;Remote;Junior
Java;Germany;Mobile Apps;8684;On-site;Mid
Java;Germany;Web Development;4871;On-site;Senior
Java;Germany;Web Development;6742;Remote;Junior
Java;Germany;Web Development;8260;Hybrid;Mid
Java;Germany;Embedded Systems;8384;Remote;Mid
Java;Germany;Web Development;5537;Remote;Mid
Java;Germany;Web Development;8567;On-site;Senior
Java;Germany;Web Development;3989;On-site;Senior
Java;Germany;Mobile Apps;7893;Remote;Junior
Java;Germany;Enterprise Systems;5406;On-site;Senior
Java;Germany;Embedded Systems;6345;On-site;Senior
Java;Germany;Mobile Apps;3674;Hybrid;Mid
Java;Germany;Data Science;4603;On-site;Junior
Java;Germany;Enterprise Systems;7084;Hybrid;Mid
C#;Germany;Mobile Apps;8142;Remote;Senior
C#;Germany;Data Science;6151;Hybrid;Mid
C#;Germany;Data Science;8404;Hybrid;Junior
C#;Germany;Web Development;7851;Remote;Mid
C#;Germany;Data Science;5657;Hybrid;Mid
C#;Germany;Enterprise Systems;3505;Hybrid;Senior
C#;Germany;Enterprise Systems;5019;Remote;Senior
C#;Germany;Data Science;8580;Remote;Mid
C#;Germany;Embedded Systems;4018;Hybrid;Senior
C#;Germany;Enterprise Systems;5055;Hybrid;Senior
C#;Germany;Enterprise Systems;8017;Remote;Senior
C#;Germany;Data Science;6142;On-site;Senior
C#;Germany;Data Science;4404;Remote;Senior
C#;Germany;Embedded Systems;4046;Remote;Junior
C#;Germany;Mobile Apps;3756;Remote;Junior
C#;Germany;Enterprise Systems;5069;Remote;Junior
C#;Germany;Game Dev;8757;On-site;Senior
C#;Germany;Enterprise Systems;7807;Hybrid;Senior
C#;Germany;Game Dev;5596;Remote;Mid
C#;Germany;Mobile Apps;8463;Hybrid;Junior
C#;Germany;Web Development;5209;Hybrid;Mid
C#;Germany;Web Development;7334;Hybrid;Junior
C#;Germany;Data Science;8071;Hybrid;Mid
C#;Germany;Data Science;3977;Hybrid;Mid
C#;Germany;Game Dev;3833;Hybrid;Junior
C#;Germany;Data Science;4138;Remote;Senior
C#;Germany;Web Development;4329;Hybrid;Junior
C#;Germany;Game Dev;6656;Remote;Junior
C#;Germany;Game Dev;8881;Remote;Senior
C#;Germany;Embedded Systems;4965;Hybrid;Senior
C#;Germany;Game Dev;6901;Hybrid;Junior
C#;Germany;Embedded Systems;8223;On-site;Senior
C#;Germany;Enterprise Systems;8949;On-site;Junior
C#;Germany;Mobile Apps;4977;Hybrid;Mid
C#;Germany;Game Dev;6264;Hybrid;Junior
C#;Germany;Game Dev;8414;On-site;Mid
C#;Germany;Data Science;8006;On-site;Mid
C#;Germany;Enterprise Systems;8687;On-site;Senior
C#;Germany;Data Science;8484;Remote;Senior
C#;Germany;Game Dev;5252;On-site;Senior
PHP;Germany;Data Science;7206;On-site;Mid
PHP;Germany;Web Development;3783;On-site;Senior
PHP;Germany;Web Development;7740;Remote;Mid
PHP;Germany;Web Development;5960;Remote;Junior
PHP;Germany;Data Science;3677;Hybrid;Mid
PHP;Germany;Game Dev;7688;Hybrid;Senior
PHP;Germany;Game Dev;4767;Remote;Junior
PHP;Germany;Enterprise Systems;6413;Remote;Junior
PHP;Germany;Data Science;6507;Hybrid;Junior
PHP;Germany;Mobile Apps;5599;On-site;Junior
PHP;Germany;Game Dev;6775;Hybrid;Junior
PHP;Germany;Embedded Systems;4132;Hybrid;Mid
PHP;Germany;Enterprise Systems;4916;On-site;Senior
PHP;Germany;Embedded Systems;8220;Remote;Senior
PHP;Germany;Embedded Systems;5960;Remote;Senior
PHP;Germany;Game Dev;6625;Remote;Junior
PHP;Germany;Data Science;6350;On-site;Mid
PHP;Germany;Web Development;5357;Hybrid;Senior
PHP;Germany;Game Dev;3593;Hybrid;Senior
PHP;Germany;Enterprise Systems;3943;On-site;Senior
PHP;Germany;Web Development;6115;Hybrid;Senior
PHP;Germany;Mobile Apps;6177;Hybrid;Senior
PHP;Germany;Mobile Apps;4754;Remote;Senior
PHP;Germany;Embedded Systems;6718;On-site;Senior
PHP;Germany;Game Dev;7634;Remote;Junior
PHP;Germany;Enterprise Systems;5873;On-site;Junior
PHP;Germany;Mobile Apps;6253;Remote;Mid
PHP;Germany;Game Dev;3903;Hybrid;Mid
PHP;Germany;Data Science;4196;On-site;Senior
PHP;Germany;Enterprise Systems;4568;Remote;Mid
PHP;Germany;Game Dev;5122;On-site;Mid
PHP;Germany;Embedded Systems;8180;Remote;Senior
PHP;Germany;Game Dev;7794;Remote;Junior
C/C++;Germany;Data Science;7023;On-site;Senior
C/C++;Germany;Game Dev;4233;Remote;Senior
C/C++;Germany;Enterprise Systems;6969;On-site;Mid
C/C++;Germany;Mobile Apps;6127;On-site;Senior
C/C++;Germany;Embedded Systems;3698;On-site;Junior
C/C++;Germany;Data Science;8548;On-site;Senior
C/C++;Germany;Mobile Apps;7108;Remote;Junior
C/C++;Germany;Mobile Apps;6562;Remote;Senior
C/C++;Germany;Web Development;4420;Hybrid;Junior
C/C++;Germany;Mobile Apps;8587;Remote;Mid
C/C++;Germany;Web Development;6312;Hybrid;Junior
C/C++;Germany;Data Science;7186;On-site;Junior
C/C++;Germany;Data Science;5212;Hybrid;Senior
C/C++;Germany;Mobile Apps;5169;Hybrid;Senior
C/C++;Germany;Data Science;7995;On-site;Senior
C/C++;Germany;Embedded Systems;4657;Hybrid;Senior
C/C++;Germany;Embedded Systems;3650;On-site;Senior
C/C++;Germany;Embedded Systems;7815;Remote;Mid
C/C++;Germany;Mobile Apps;3992;On-site;Junior
C/C++;Germany;Embedded Systems;8562;On-site;Junior
C/C++;Germany;Enterprise Systems;8863;Remote;Junior
C/C++;Germany;Enterprise Systems;8909;On-site;Senior
C/C++;Germany;Embedded Systems;6450;Remote;Junior
C/C++;Germany;Data Science;8819;On-site;Junior
C/C++;Germany;Enterprise Systems;7665;Hybrid;Junior
C/C++;Germany;Data Science;7470;Hybrid;Senior
C/C++;Germany;Web Development;5027;Remote;Senior
Ruby;Germany;Game Dev;3676;Remote;Junior
Ruby;Germany;Game Dev;5997;On-site;Mid
Ruby;Germany;Enterprise Systems;4786;Remote;Mid
Ruby;Germany;Embedded Systems;6382;On-site;Senior
Ruby;Germany;Data Science;5434;Hybrid;Mid
Ruby;Germany;Web Development;8626;On-site;Mid
Ruby;Germany;Web Development;8046;On-site;Junior
Ruby;Germany;Mobile Apps;6299;On-site;Senior
Ruby;Germany;Mobile Apps;4219;Hybrid;Mid
Ruby;Germany;Game Dev;8517;Hybrid;Senior
Ruby;Germany;Mobile Apps;6918;Remote;Senior
Ruby;Germany;Mobile Apps;6993;On-site;Senior
Ruby;Germany;Data Science;7179;Hybrid;Junior
Ruby;Germany;Mobile Apps;8845;Remote;Senior
Ruby;Germany;Game Dev;5157;Remote;Mid
Ruby;Germany;Embedded Systems;7791;Remote;Mid
Ruby;Germany;Mobile Apps;8875;Hybrid;Junior
Ruby;Germany;Data Science;4055;Hybrid;Senior
Ruby;Germany;Embedded Systems;4469;Remote;Mid
Ruby;Germany;Mobile Apps;3741;On-site;Mid
Ruby;Germany;Enterprise Systems;5985;On-site;Senior
Ruby;Germany;Embedded Systems;5742;Remote;Junior
Ruby;Germany;Web Development;4577;Remote;Junior
Ruby;Germany;Game Dev;8554;On-site;Senior
Ruby;Germany;Game Dev;8516;Remote;Senior
Ruby;Germany;Mobile Apps;5391;Hybrid;Junior
Ruby;Germany;Data Science;4151;Hybrid;Mid
Ruby;Germany;Mobile Apps;7615;Hybrid;Mid
Ruby;Germany;Embedded Systems;8821;On-site;Junior
Ruby;Germany;Enterprise Systems;7525;On-site;Junior
Ruby;Germany;Mobile Apps;5083;Remote;Junior
Ruby;Germany;Enterprise Systems;3622;On-site;Mid
Ruby;Germany;Mobile Apps;8999;Remote;Junior
Ruby;Germany;Web Development;4950;On-site;Senior
Ruby;Germany;Enterprise Systems;6161;On-site;Junior
Ruby;Germany;Enterprise Systems;6816;Remote;Senior
Ruby;Germany;Embedded Systems;6616;Hybrid;Mid
Ruby;Germany;Enterprise Systems;8509;Hybrid;Senior
Ruby;Germany;Game Dev;7892;Hybrid;Senior
JavaScript;India;Game Dev;1447;On-site;Mid
JavaScript;India;Web Development;2006;Hybrid;Senior
JavaScript;India;Enterprise Systems;1160;Hybrid;Mid
JavaScript;India;Game Dev;1201;Remote;Mid
JavaScript;India;Enterprise Systems;2630;On-site;Mid
JavaScript;India;Enterprise Systems;1681;On-site;Mid
JavaScript;India;Game Dev;1223;Hybrid;Senior
JavaScript;India;Mobile Apps;2898;Hybrid;Mid
JavaScript;India;Web Development;3050;Remote;Junior
JavaScript;India;Game Dev;3238;Remote;Mid
JavaScript;India;Enterprise Systems;2324;On-site;Junior
JavaScript;India;Mobile Apps;2858;Hybrid;Senior
JavaScript;India;Mobile Apps;2862;Remote;Mid
JavaScript;India;Data Science;1671;Hybrid;Senior
JavaScript;India;Web Development;1373;Remote;Senior
JavaScript;India;Enterprise Systems;2486;Remote;Senior
JavaScript;India;Embedded Systems;2573;Hybrid;Senior
JavaScript;India;Game Dev;1654;On-site;Senior
JavaScript;India;Enterprise Systems;1179;Remote;Mid
JavaScript;India;Game Dev;1614;Remote;Junior
JavaScript;India;Mobile Apps;1210;On-site;Mid
JavaScript;India;Data Science;2827;On-site;Senior
JavaScript;India;Mobile Apps;1481;Remote;Junior
JavaScript;India;Web Development;2036;Remote;Mid
JavaScript;India;Enterprise Systems;3042;Hybrid;Junior
JavaScript;India;Game Dev;3021;Remote;Junior
TypeScript;India;Enterprise Systems;2679;On-site;Junior
TypeScript;India;Game Dev;3458;Remote;Junior
TypeScript;India;Game Dev;2139;Hybrid;Senior
TypeScript;India;Game Dev;1850;Remote;Junior
TypeScript;India;Mobile Apps;1225;Hybrid;Mid
TypeScript;India;Web Development;1595;Remote;Senior
TypeScript;India;Game Dev;3471;On-site;Mid
TypeScript;India;Web Development;1200;Remote;Mid
TypeScript;India;Mobile Apps;1660;Hybrid;Mid
TypeScript;India;Game Dev;3436;Hybrid;Senior
TypeScript;India;Mobile Apps;2865;Hybrid;Senior
TypeScript;India;Data Science;1146;Remote;Mid
TypeScript;India;Data Science;2509;On-site;Junior
TypeScript;India;Enterprise Systems;3254;Remote;Mid
TypeScript;India;Enterprise Systems;1551;Remote;Senior
TypeScript;India;Data Science;2348;Hybrid;Mid
TypeScript;India;Game Dev;1859;Hybrid;Junior
TypeScript;India;Game Dev;1238;Remote;Senior
TypeScript;India;Embedded Systems;3166;Remote;Mid
TypeScript;India;Embedded Systems;3477;Hybrid;Mid
TypeScript;India;Enterprise Systems;3493;On-site;Mid
TypeScript;India;Game Dev;3355;Hybrid;Mid
TypeScript;India;Mobile Apps;3304;On-site;Senior
TypeScript;India;Embedded Systems;3038;On-site;Junior
TypeScript;India;Game Dev;1953;Hybrid;Mid
TypeScript;India;Mobile Apps;1006;Remote;Junior
TypeScript;India;Enterprise Systems;1483;Hybrid;Junior
TypeScript;India;Game Dev;2698;On-site;Junior
TypeScript;India;Data Science;2432;Hybrid;Senior
TypeScript;India;Mobile Apps;1046;Hybrid;Junior
TypeScript;India;Embedded Systems;2153;On-site;Junior
TypeScript;India;Data Science;2229;Hybrid;Senior
TypeScript;India;Data Science;1025;Remote;Senior
TypeScript;India;Data Science;2398;On-site;Senior
TypeScript;India;Game Dev;1119;Remote;Junior
TypeScript;India;Data Science;2384;Hybrid;Mid
TypeScript;India;Enterprise Systems;1145;Hybrid;Junior
TypeScript;India;Enterprise Systems;1636;Hybrid;Mid
TypeScript;India;Game Dev;2372;On-site;Mid
TypeScript;India;Embedded Systems;1229;Hybrid;Mid
Python;India;Game Dev;3194;Remote;Junior
Python;India;Game Dev;2358;On-site;Junior
Python;India;Mobile Apps;2148;Remote;Mid
Python;India;Enterprise Systems;3188;Remote;Senior
Python;India;Game Dev;2595;Remote;Senior
Python;India;Web Development;2262;Hybrid;Mid
Python;India;Embedded Systems;1129;On-site;Mid
Python;India;Web Development;3035;Remote;Mid
Python;India;Enterprise Systems;2239;Remote;Senior
Python;India;Data Science;1716;Remote;Mid
Python;India;Web Development;1827;Remote;Mid
Python;India;Game Dev;1102;On-site;Senior
Python;India;Mobile Apps;1779;On-site;Mid
Python;India;Embedded Systems;3144;On-site;Mid
Python;India;Mobile Apps;1402;Hybrid;Senior
Python;India;Mobile Apps;1840;Hybrid;Junior
Python;India;Enterprise Systems;2587;Hybrid;Senior
Python;India;Web Development;1016;On-site;Junior
Python;India;Embedded Systems;3434;Remote;Mid
Python;India;Enterprise Systems;1188;Remote;Senior
Python;India;Embedded Systems;2279;Remote;Senior
Python;India;Data Science;1859;On-site;Junior
Python;India;Mobile Apps;2173;On-site;Senior
Python;India;Data Science;2806;Hybrid;Junior
Python;India;Data Science;1611;Remote;Mid
Python;India;Web Development;1062;Hybrid;Senior
Python;India;Game Dev;1419;Remote;Senior
Python;India;Data Science;3250;On-site;Mid
Python;India;Mobile Apps;2160;Hybrid;Junior
Python;India;Mobile Apps;1291;On-site;Senior
Python;India;Data Science;3214;On-site;Junior
Python;India;Mobile Apps;1118;On-site;Senior
Python;India;Web Development;1433;On-site;Junior
Python;India;Web Development;2746;On-site;Junior
Python;India;Embedded Systems;3441;Hybrid;Senior
Java;India;Game Dev;2456;On-site;Mid
Java;India;Mobile Apps;3185;Remote;Mid
Java;India;Game Dev;1539;Remote;Senior
Java;India;Enterprise Systems;1398;On-site;Mid
Java;India;Embedded Systems;2906;On-site;Junior
Java;India;Mobile Apps;1588;Hybrid;Mid
Java;India;Data Science;2605;Remote;Senior
Java;India;Embedded Systems;2353;On-site;Mid
Java;India;Enterprise Systems;1123;Remote;Mid
Java;India;Web Development;2439;On-site;Mid
Java;India;Mobile Apps;2156;On-site;Senior
Java;India;Game Dev;1521;Hybrid;Junior
Java;India;Enterprise Systems;1438;On-site;Senior
Java;India;Embedded Systems;1290;On-site;Senior
Java;India;Enterprise Systems;2641;Hybrid;Mid
Java;India;Mobile Apps;1998;Hybrid;Junior
Java;India;Enterprise Systems;2572;Remote;Mid
Java;India;Mobile Apps;3420;On-site;Mid
Java;India;Game Dev;2401;Hybrid;Senior
Java;India;Mobile Apps;1708;Hybrid;Senior
Java;India;Web Development;3351;On-site;Junior
Java;India;Game Dev;3441;On-site;Mid
Java;India;Game Dev;1399;On-site;Junior
Java;India;Data Science;2662;Remote;Senior
Java;India;Web Development;3442;On-site;Mid
Java;India;Enterprise Systems;1251;Remote;Junior
Java;India;Mobile Apps;3378;Hybrid;Junior
Java;India;Mobile Apps;1611;On-site;Senior
Java;India;Data Science;2597;Hybrid;Senior
Java;India;Enterprise Systems;1801;Remote;Senior
Java;India;Data Science;2227;Hybrid;Senior
Java;India;Data Science;2780;Hybrid;Mid
Java;India;Web Development;3386;Remote;Senior
Java;India;Game Dev;2655;Remote;Mid
Java;India;Web Development;2512;Hybrid;Junior
Java;India;Web Development;3293;On-site;Junior
Java;India;Data Science;1127;Remote;Mid
Java;India;Embedded Systems;3417;On-site;Senior
Java;India;Data Science;2567;On-site;Mid
C#;India;Game Dev;1865;Hybrid;Junior
C#;India;Enterprise Systems;1569;Remote;Senior
C#;India;Enterprise Systems;2475;On-site;Junior
C#;India;Data Science;1514;Remote;Junior
C#;India;Web Development;1064;Remote;Senior
C#;India;Enterprise Systems;2788;Remote;Junior
C#;India;Mobile Apps;2703;On-site;Senior
C#;India;Game Dev;2743;Hybrid;Junior
C#;India;Enterprise Systems;3086;On-site;Senior
C#;India;Enterprise Systems;2575;On-site;Junior
C#;India;Mobile Apps;2739;Hybrid;Junior
C#;India;Game Dev;3040;Hybrid;Junior
C#;India;Embedded Systems;3055;On-site;Mid
C#;India;Game Dev;3360;On-site;Junior
C#;India;Web Development;3327;On-site;Senior
C#;India;Data Science;1463;Hybrid;Mid
C#;India;Embedded Systems;1327;Remote;Senior
C#;India;Embedded Systems;3156;On-site;Mid
C#;India;Game Dev;1320;Hybrid;Senior
C#;India;Web Development;2004;On-site;Senior
C#;India;Embedded Systems;1319;Hybrid;Senior
C#;India;Game Dev;3374;On-site;Senior
C#;India;Web Development;2407;Hybrid;Junior
C#;India;Enterprise Systems;2859;Hybrid;Mid
C#;India;Game Dev;2357;On-site;Mid
C#;India;Data Science;2184;Remote;Junior
C#;India;Embedded Systems;3447;Hybrid;Mid
C#;India;Embedded Systems;3308;On-site;Junior
C#;India;Embedded Systems;2938;Hybrid;Junior
C#;India;Game Dev;1211;Hybrid;Mid
C#;India;Embedded Systems;1111;On-site;Mid
C#;India;Web Development;1519;Hybrid;Junior
C#;India;Data Science;2032;Remote;Senior
C#;India;Data Science;2127;On-site;Junior
C#;India;Embedded Systems;1456;Hybrid;Junior
C#;India;Game Dev;1619;Hybrid;Mid
C#;India;Data Science;1718;On-site;Senior
C#;India;Mobile Apps;2986;Remote;Senior
PHP;India;Data Science;1345;Remote;Senior
PHP;India;Mobile Apps;3031;On-site;Mid
PHP;India;Mobile Apps;2802;Hybrid;Senior
PHP;India;Mobile Apps;1863;Hybrid;Senior
PHP;India;Data Science;1222;Hybrid;Mid
PHP;India;Web Development;1215;Remote;Mid
PHP;India;Enterprise Systems;2950;On-site;Mid
PHP;India;Embedded Systems;3181;Remote;Mid
PHP;India;Embedded Systems;2597;On-site;Mid
PHP;India;Mobile Apps;3172;On-site;Junior
PHP;India;Data Science;2838;On-site;Senior
PHP;India;Data Science;3171;Hybrid;Junior
PHP;India;Web Development;3176;Hybrid;Mid
PHP;India;Enterprise Systems;3500;Hybrid;Mid
PHP;India;Data Science;2107;On-site;Junior
PHP;India;Data Science;3392;On-site;Mid
PHP;India;Embedded Systems;1990;Hybrid;Senior
PHP;India;Game Dev;1798;Hybrid;Mid
PHP;India;Embedded Systems;1736;On-site;Senior
PHP;India;Web Development;1034;Remote;Junior
PHP;India;Enterprise Systems;1400;Hybrid;Junior
PHP;India;Embedded Systems;2826;On-site;Junior
PHP;India;Embedded Systems;2160;On-site;Junior
PHP;India;Web Development;1097;Hybrid;Junior
PHP;India;Web Development;3433;Hybrid;Junior
PHP;India;Game Dev;1498;Hybrid;Junior
C/C++;India;Game Dev;1532;On-site;Senior
C/C++;India;Embedded Systems;3318;Remote;Junior
C/C++;India;Embedded Systems;1754;On-site;Mid
C/C++;India;Enterprise Systems;1310;Hybrid;Mid
C/C++;India;Data Science;2748;Hybrid;Senior
C/C++;India;Data Science;2054;Remote;Junior
C/C++;India;Data Science;1255;On-site;Mid
C/C++;India;Data Science;1246;On-site;Mid
C/C++;India;Mobile Apps;2804;Remote;Mid
C/C++;India;Mobile Apps;3499;On-site;Junior
C/C++;India;Embedded Systems;3015;Remote;Junior
C/C++;India;Game Dev;2766;Remote;Senior
C/C++;India;Embedded Systems;1435;On-site;Senior
C/C++;India;Data Science;1423;Remote;Junior
C/C++;India;Web Development;3340;Hybrid;Mid
C/C++;India;Enterprise Systems;1076;On-site;Junior
C/C++;India;Embedded Systems;1003;Remote;Senior
C/C++;India;Enterprise Systems;2091;Remote;Senior
C/C++;India;Data Science;2602;Hybrid;Junior
C/C++;India;Game Dev;3009;On-site;Mid
C/C++;India;Enterprise Systems;1287;Hybrid;Junior
C/C++;India;Web Development;2574;Hybrid;Mid
C/C++;India;Web Development;3323;Hybrid;Mid
C/C++;India;Data Science;2240;On-site;Junior
C/C++;India;Embedded Systems;1371;On-site;Senior
C/C++;India;Data Science;1329;On-site;Mid
C/C++;India;Embedded Systems;1831;Remote;Senior
Ruby;India;Enterprise Systems;1782;On-site;Senior
Ruby;India;Enterprise Systems;1437;Hybrid;Senior
Ruby;India;Data Science;2992;Remote;Senior
Ruby;India;Enterprise Systems;1776;Remote;Junior
Ruby;India;Mobile Apps;1103;Hybrid;Senior
Ruby;India;Mobile Apps;3003;On-site;Junior
Ruby;India;Game Dev;2260;On-site;Senior
Ruby;India;Enterprise Systems;1067;Remote;Mid
Ruby;India;Web Development;2383;Hybrid;Junior
Ruby;India;Enterprise Systems;1484;Remote;Senior
Ruby;India;Embedded Systems;3142;On-site;Senior
Ruby;India;Game Dev;1610;Hybrid;Senior
Ruby;India;Mobile Apps;1295;Remote;Senior
Ruby;India;Mobile Apps;3002;Hybrid;Junior
Ruby;India;Enterprise Systems;1187;Remote;Senior
Ruby;India;Embedded Systems;1534;Remote;Junior
Ruby;India;Embedded Systems;1204;On-site;Junior
Ruby;India;Enterprise Systems;1699;Hybrid;Junior
Ruby;India;Web Development;1467;On-site;Senior
Ruby;India;Game Dev;1903;Remote;Junior
Ruby;India;Enterprise Systems;2381;Hybrid;Senior
Ruby;India;Enterprise Systems;2328;Remote;Senior
Ruby;India;Game Dev;3235;Remote;Mid
Ruby;India;Mobile Apps;1186;Hybrid;Junior
Ruby;India;Data Science;1258;Remote;Mid
Ruby;India;Mobile Apps;2700;Remote;Senior
JavaScript;Brazil;Game Dev;1875;On-site;Junior
JavaScript;Brazil;Game Dev;1366;Remote;Junior
JavaScript;Brazil;Embedded Systems;3708;On-site;Junior
JavaScript;Brazil;Web Development;3194;Remote;Junior
JavaScript;Brazil;Web Development;1934;Remote;Senior
JavaScript;Brazil;Embedded Systems;3631;On-site;Mid
JavaScript;Brazil;Embedded Systems;3149;Hybrid;Junior
JavaScript;Brazil;Mobile Apps;1786;Hybrid;Mid
JavaScript;Brazil;Game Dev;3044;On-site;Junior
JavaScript;Brazil;Mobile Apps;3700;Hybrid;Junior
JavaScript;Brazil;Game Dev;1937;Hybrid;Mid
JavaScript;Brazil;Game Dev;1560;Hybrid;Mid
JavaScript;Brazil;Data Science;2915;Remote;Senior
JavaScript;Brazil;Mobile Apps;1986;Remote;Senior
JavaScript;Brazil;Web Development;3735;On-site;Senior
JavaScript;Brazil;Game Dev;2098;On-site;Senior
JavaScript;Brazil;Embedded Systems;2052;On-site;Junior
JavaScript;Brazil;Mobile Apps;1661;Remote;Senior
JavaScript;Brazil;Enterprise Systems;3237;Remote;Junior
JavaScript;Brazil;Embedded Systems;1376;Remote;Senior
JavaScript;Brazil;Data Science;2367;Remote;Mid
JavaScript;Brazil;Data Science;2569;Hybrid;Mid
JavaScript;Brazil;Web Development;1627;Hybrid;Junior
JavaScript;Brazil;Game Dev;1920;Remote;Junior
JavaScript;Brazil;Enterprise Systems;3309;Remote;Junior
JavaScript;Brazil;Mobile Apps;3021;Hybrid;Senior
JavaScript;Brazil;Data Science;2916;Remote;Senior
JavaScript;Brazil;Embedded Systems;2534;Remote;Junior
JavaScript;Brazil;Data Science;2132;Remote;Junior
JavaScript;Brazil;Embedded Systems;2889;Remote;Mid
JavaScript;Brazil;Mobile Apps;1501;On-site;Senior
JavaScript;Brazil;Enterprise Systems;1422;On-site;Junior
JavaScript;Brazil;Mobile Apps;3696;On-site;Junior
JavaScript;Brazil;Enterprise Systems;2729;Remote;Mid
JavaScript;Brazil;Embedded Systems;1995;Hybrid;Mid
JavaScript;Brazil;Data Science;2028;On-site;Junior
TypeScript;Brazil;Embedded Systems;3529;Remote;Mid
TypeScript;Brazil;Mobile Apps;1655;On-site;Mid
TypeScript;Brazil;Enterprise Systems;1901;On-site;Junior
TypeScript;Brazil;Data Science;3672;Remote;Senior
TypeScript;Brazil;Game Dev;1896;Hybrid;Senior
TypeScript;Brazil;Mobile Apps;1554;On-site;Senior
TypeScript;Brazil;Enterprise Systems;2086;Hybrid;Mid
TypeScript;Brazil;Enterprise Systems;2343;Remote;Senior
TypeScript;Brazil;Enterprise Systems;2210;Remote;Mid
TypeScript;Brazil;Enterprise Systems;3573;Remote;Senior
TypeScript;Brazil;Mobile Apps;3549;Remote;Mid
TypeScript;Brazil;Web Development;1364;On-site;Senior
TypeScript;Brazil;Game Dev;1337;On-site;Senior
TypeScript;Brazil;Enterprise Systems;3163;Hybrid;Junior
TypeScript;Brazil;Enterprise Systems;3228;Remote;Junior
TypeScript;Brazil;Game Dev;1250;Hybrid;Senior
TypeScript;Brazil;Enterprise Systems;2092;Remote;Mid
TypeScript;Brazil;Data Science;2179;Hybrid;Junior
TypeScript;Brazil;Web Development;3165;Hybrid;Mid
TypeScript;Brazil;Mobile Apps;3081;Hybrid;Senior
TypeScript;Brazil;Game Dev;1299;On-site;Mid
TypeScript;Brazil;Mobile Apps;2860;Remote;Mid
TypeScript;Brazil;Embedded Systems;3101;Hybrid;Senior
TypeScript;Brazil;Web Development;3769;Remote;Mid
TypeScript;Brazil;Embedded Systems;2563;Hybrid;Junior
TypeScript;Brazil;Data Science;2944;On-site;Senior
Python;Brazil;Embedded Systems;1531;Hybrid;Mid
Python;Brazil;Embedded Systems;1424;Hybrid;Senior
Python;Brazil;Data Science;1411;Remote;Mid
Python;Brazil;Data Science;3106;Hybrid;Junior
Python;Brazil;Data Science;2700;Remote;Senior
Python;Brazil;Game Dev;1474;Hybrid;Senior
Python;Brazil;Mobile Apps;1766;On-site;Junior
Python;Brazil;Game Dev;1665;Hybrid;Mid
Python;Brazil;Embedded Systems;3576;Hybrid;Junior
Python;Brazil;Embedded Systems;2123;On-site;Mid
Python;Brazil;Data Science;3262;Hybrid;Mid
Python;Brazil;Data Science;1423;Remote;Mid
Python;Brazil;Data Science;3053;On-site;Senior
Python;Brazil;Game Dev;1702;On-site;Senior
Python;Brazil;Game Dev;3978;Hybrid;Mid
Python;Brazil;Enterprise Systems;3743;On-site;Senior
Python;Brazil;Embedded Systems;1468;Remote;Mid
Python;Brazil;Web Development;1528;On-site;Junior
Python;Brazil;Data Science;1515;Remote;Junior
Python;Brazil;Data Science;1658;Hybrid;Junior
Python;Brazil;Enterprise Systems;1816;Remote;Senior
Python;Brazil;Embedded Systems;1292;On-site;Mid
Python;Brazil;Embedded Systems;3417;Remote;Mid
Python;Brazil;Data Science;2920;On-site;Senior
Python;Brazil;Embedded Systems;1287;On-site;Junior
Python;Brazil;Web Development;1290;Remote;Senior
Python;Brazil;Embedded Systems;2575;On-site;Senior
Python;Brazil;Data Science;3885;Hybrid;Mid
Python;Brazil;Enterprise Systems;3630;Hybrid;Senior
Python;Brazil;Game Dev;3446;On-site;Mid
Python;Brazil;Data Science;3523;Remote;Mid
Java;Brazil;Data Science;2128;On-site;Mid
Java;Brazil;Data Science;1393;Remote;Mid
Java;Brazil;Data Science;3067;Remote;Senior
Java;Brazil;Mobile Apps;3392;On-site;Junior
Java;Brazil;Mobile Apps;3929;Remote;Junior
Java;Brazil;Mobile Apps;1678;Remote;Mid
Java;Brazil;Game Dev;1718;On-site;Mid
Java;Brazil;Data Science;1955;Remote;Senior
Java;Brazil;Embedded Systems;1342;Hybrid;Mid
Java;Brazil;Data Science;1805;On-site;Mid
Java;Brazil;Game Dev;1865;Hybrid;Mid
Java;Brazil;Web Development;1302;On-site;Mid
Java;Brazil;Mobile Apps;3076;On-site;Junior
Java;Brazil;Web Development;3437;Hybrid;Mid
Java;Brazil;Embedded Systems;2410;On-site;Mid
Java;Brazil;Game Dev;3931;Remote;Senior
Java;Brazil;Embedded Systems;3010;On-site;Senior
Java;Brazil;Web Development;3161;Remote;Junior
Java;Brazil;Embedded Systems;3456;Remote;Mid
Java;Brazil;Web Development;2845;Hybrid;Junior
Java;Brazil;Enterprise Systems;2663;Remote;Mid
Java;Brazil;Web Development;3690;Hybrid;Junior
Java;Brazil;Game Dev;3356;Remote;Mid
Java;Brazil;Mobile Apps;1292;Remote;Senior
Java;Brazil;Enterprise Systems;3973;Hybrid;Junior
Java;Brazil;Game Dev;2815;Remote;Mid
Java;Brazil;Data Science;3670;Hybrid;Senior
Java;Brazil;Web Development;3931;On-site;Mid
Java;Brazil;Mobile Apps;2951;On-site;Mid
Java;Brazil;Data Science;1249;On-site;Mid
C#;Brazil;Data Science;3025;Hybrid;Junior
C#;Brazil;Mobile Apps;3019;Hybrid;Mid
C#;Brazil;Enterprise Systems;2382;Remote;Senior
C#;Brazil;Enterprise Systems;2896;Remote;Senior
C#;Brazil;Game Dev;1552;Remote;Junior
C#;Brazil;Data Science;3144;Hybrid;Mid
C#;Brazil;Web Development;3619;On-site;Junior
C#;Brazil;Web Development;2877;Hybrid;Mid
C#;Brazil;Enterprise Systems;1916;Hybrid;Mid
C#;Brazil;Embedded Systems;3526;Remote;Junior
C#;Brazil;Mobile Apps;2763;On-site;Senior
C#;Brazil;Enterprise Systems;1372;On-site;Senior
C#;Brazil;Data Science;3223;Hybrid;Senior
C#;Brazil;Enterprise Systems;2119;Remote;Junior
C#;Brazil;Mobile Apps;2275;On-site;Senior
C#;Brazil;Embedded Systems;3135;Remote;Senior
C#;Brazil;Embedded Systems;2378;On-site;Junior
C#;Brazil;Enterprise Systems;3841;Remote;Junior
C#;Brazil;Web Development;2335;On-site;Junior
C#;Brazil;Game Dev;2681;Hybrid;Mid
C#;Brazil;Game Dev;2986;On-site;Senior
C#;Brazil;Embedded Systems;3149;Hybrid;Junior
C#;Brazil;Data Science;3299;Hybrid;Senior
C#;Brazil;Web Development;2263;Remote;Senior
C#;Brazil;Web Development;1798;On-site;Mid
C#;Brazil;Embedded Systems;1754;On-site;Junior
C#;Brazil;Web Development;2316;On-site;Mid
C#;Brazil;Embedded Systems;2658;Remote;Mid
C#;Brazil;Data Science;3369;Hybrid;Junior
C#;Brazil;Game Dev;1993;Hybrid;Junior
C#;Brazil;Web Development;3652;Remote;Senior
C#;Brazil;Data Science;2495;Hybrid;Mid
C#;Brazil;Data Science;2684;Remote;Senior
C#;Brazil;Game Dev;2640;Remote;Junior
C#;Brazil;Mobile Apps;3322;On-site;Mid
C#;Brazil;Enterprise Systems;2887;On-site;Junior
PHP;Brazil;Mobile Apps;1833;Hybrid;Junior
PHP;Brazil;Mobile Apps;3488;Hybrid;Senior
PHP;Brazil;Game Dev;3379;Hybrid;Senior
PHP;Brazil;Embedded Systems;1666;On-site;Mid
PHP;Brazil;Web Development;1677;Remote;Junior
PHP;Brazil;Enterprise Systems;2626;On-site;Senior
PHP;Brazil;Data Science;1769;On-site;Senior
PHP;Brazil;Game Dev;2601;Remote;Senior
PHP;Brazil;Data Science;1317;Hybrid;Junior
PHP;Brazil;Mobile Apps;1727;Hybrid;Junior
PHP;Brazil;Embedded Systems;2128;On-site;Junior
PHP;Brazil;Mobile Apps;1733;Remote;Mid
PHP;Brazil;Embedded Systems;1657;Remote;Junior
PHP;Brazil;Enterprise Systems;2966;Remote;Junior
PHP;Brazil;Web Development;1334;Hybrid;Senior
PHP;Brazil;Game Dev;1442;On-site;Junior
PHP;Brazil;Data Science;1377;Remote;Mid
PHP;Brazil;Embedded Systems;1242;Remote;Junior
PHP;Brazil;Game Dev;2041;Hybrid;Junior
PHP;Brazil;Mobile Apps;3946;On-site;Junior
PHP;Brazil;Web Development;1796;Hybrid;Mid
PHP;Brazil;Game Dev;2624;On-site;Junior
PHP;Brazil;Game Dev;3710;Remote;Senior
PHP;Brazil;Game Dev;1479;Remote;Senior
PHP;Brazil;Web Development;3366;Remote;Senior
PHP;Brazil;Mobile Apps;2354;Remote;Senior
PHP;Brazil;Web Development;1604;Remote;Senior
PHP;Brazil;Embedded Systems;3144;On-site;Senior
C/C++;Brazil;Enterprise Systems;3958;Remote;Junior
C/C++;Brazil;Data Science;2754;On-site;Junior
C/C++;Brazil;Game Dev;2132;On-site;Junior
C/C++;Brazil;Data Science;1706;On-site;Junior
C/C++;Brazil;Game Dev;1756;On-site;Mid
C/C++;Brazil;Embedded Systems;2380;Hybrid;Senior
C/C++;Brazil;Web Development;1536;On-site;Mid
C/C++;Brazil;Web Development;2776;On-site;Mid
C/C++;Brazil;Game Dev;2477;Hybrid;Mid
C/C++;Brazil;Mobile Apps;3468;On-site;Mid
C/C++;Brazil;Enterprise Systems;1973;Remote;Mid
C/C++;Brazil;Embedded Systems;2705;Remote;Junior
C/C++;Brazil;Embedded Systems;3213;Hybrid;Junior
C/C++;Brazil;Enterprise Systems;2994;Hybrid;Senior
C/C++;Brazil;Embedded Systems;1548;Remote;Junior
C/C++;Brazil;Enterprise Systems;2840;Hybrid;Senior
C/C++;Brazil;Web Development;1891;Remote;Mid
C/C++;Brazil;Mobile Apps;2587;Remote;Senior
C/C++;Brazil;Enterprise Systems;1702;Remote;Mid
C/C++;Brazil;Embedded Systems;3244;On-site;Senior
C/C++;Brazil;Game Dev;3631;On-site;Senior
C/C++;Brazil;Enterprise Systems;2658;On-site;Senior
C/C++;Brazil;Game Dev;2856;On-site;Senior
C/C++;Brazil;Data Science;1803;On-site;Junior
C/C++;Brazil;Web Development;2226;On-site;Mid
C/C++;Brazil;Mobile Apps;3773;Remote;Junior
C/C++;Brazil;Web Development;1416;Remote;Mid
C/C++;Brazil;Embedded Systems;1309;Remote;Mid
C/C++;Brazil;Game Dev;3982;On-site;Junior
C/C++;Brazil;Data Science;3747;Hybrid;Junior
Ruby;Brazil;Embedded Systems;3329;On-site;Mid
Ruby;Brazil;Mobile Apps;2402;Hybrid;Mid
Ruby;Brazil;Enterprise Systems;3267;On-site;Senior
Ruby;Brazil;Data Science;3414;Hybrid;Junior
Ruby;Brazil;Web Development;2962;Remote;Mid
Ruby;Brazil;Enterprise Systems;2488;On-site;Mid
Ruby;Brazil;Enterprise Systems;1347;Remote;Junior
Ruby;Brazil;Game Dev;3900;On-site;Senior
Ruby;Brazil;Mobile Apps;3213;On-site;Junior
Ruby;Brazil;Data Science;2793;On-site;Junior
Ruby;Brazil;Game Dev;3964;On-site;Senior
Ruby;Brazil;Game Dev;3409;Hybrid;Mid
Ruby;Brazil;Enterprise Systems;3502;Remote;Senior
Ruby;Brazil;Web Development;2803;On-site;Mid
Ruby;Brazil;Game Dev;2747;Hybrid;Senior
Ruby;Brazil;Data Science;2365;On-site;Junior
Ruby;Brazil;Web Development;3618;Remote;Junior
Ruby;Brazil;Data Science;2628;Hybrid;Senior
Ruby;Brazil;Web Development;3760;On-site;Mid
Ruby;Brazil;Web Development;2953;On-site;Mid
Ruby;Brazil;Enterprise Systems;2638;Remote;Senior
Ruby;Brazil;Mobile Apps;2214;Remote;Senior
Ruby;Brazil;Data Science;3627;Remote;Senior
Ruby;Brazil;Web Development;2448;Remote;Mid
Ruby;Brazil;Mobile Apps;1280;Hybrid;Mid
Ruby;Brazil;Web Development;3087;Hybrid;Mid
Ruby;Brazil;Game Dev;3308;On-site;Mid
JavaScript;Spain;Embedded Systems;4423;Hybrid;Junior
JavaScript;Spain;Data Science;4047;Hybrid;Mid
JavaScript;Spain;Data Science;4845;Remote;Mid
JavaScript;Spain;Web Development;5329;Hybrid;Junior
JavaScript;Spain;Data Science;4534;Hybrid;Senior
JavaScript;Spain;Data Science;3182;Hybrid;Mid
JavaScript;Spain;Data Science;4285;Remote;Mid
JavaScript;Spain;Embedded Systems;5970;Remote;Senior
JavaScript;Spain;Mobile Apps;3677;On-site;Junior
JavaScript;Spain;Data Science;4849;On-site;Junior
JavaScript;Spain;Game Dev;5542;Remote;Senior
JavaScript;Spain;Game Dev;2888;Hybrid;Mid
JavaScript;Spain;Data Science;2775;Hybrid;Senior
JavaScript;Spain;Enterprise Systems;4249;Remote;Mid
JavaScript;Spain;Web Development;5168;On-site;Senior
JavaScript;Spain;Data Science;4273;Hybrid;Senior
JavaScript;Spain;Data Science;3319;On-site;Mid
JavaScript;Spain;Data Science;5059;Hybrid;Mid
JavaScript;Spain;Embedded Systems;5627;Hybrid;Junior
JavaScript;Spain;Web Development;5071;Hybrid;Senior
JavaScript;Spain;Mobile Apps;4862;On-site;Junior
JavaScript;Spain;Embedded Systems;5874;Hybrid;Mid
JavaScript;Spain;Data Science;5112;Hybrid;Senior
JavaScript;Spain;Enterprise Systems;4818;Hybrid;Senior
JavaScript;Spain;Web Development;4639;Remote;Mid
TypeScript;Spain;Mobile Apps;3484;Remote;Senior
TypeScript;Spain;Embedded Systems;5635;On-site;Mid
TypeScript;Spain;Enterprise Systems;3805;Remote;Senior
TypeScript;Spain;Mobile Apps;5965;On-site;Mid
TypeScript;Spain;Data Science;5146;Remote;Mid
TypeScript;Spain;Embedded Systems;4962;Remote;Mid
TypeScript;Spain;Mobile Apps;2965;Remote;Junior
TypeScript;Spain;Web Development;3505;On-site;Mid
TypeScript;Spain;Enterprise Systems;4793;On-site;Mid
TypeScript;Spain;Embedded Systems;2651;Remote;Junior
TypeScript;Spain;Data Science;3058;Remote;Mid
TypeScript;Spain;Data Science;5197;Hybrid;Junior
TypeScript;Spain;Embedded Systems;5991;Remote;Senior
TypeScript;Spain;Enterprise Systems;5704;Remote;Junior
TypeScript;Spain;Web Development;3785;Hybrid;Mid
TypeScript;Spain;Web Development;4167;On-site;Senior
TypeScript;Spain;Embedded Systems;2869;On-site;Senior
TypeScript;Spain;Mobile Apps;3466;Remote;Senior
TypeScript;Spain;Embedded Systems;4549;Remote;Senior
TypeScript;Spain;Embedded Systems;5895;Hybrid;Senior
TypeScript;Spain;Data Science;4533;Remote;Junior
TypeScript;Spain;Game Dev;3000;On-site;Mid
TypeScript;Spain;Game Dev;5519;On-site;Senior
TypeScript;Spain;Embedded Systems;3466;On-site;Junior
TypeScript;Spain;Mobile Apps;2937;Remote;Junior
TypeScript;Spain;Data Science;4300;On-site;Mid
TypeScript;Spain;Game Dev;2729;On-site;Senior
TypeScript;Spain;Data Science;5365;Remote;Mid
TypeScript;Spain;Game Dev;4235;On-site;Senior
TypeScript;Spain;Mobile Apps;3637;Remote;Mid
TypeScript;Spain;Enterprise Systems;5431;On-site;Mid
TypeScript;Spain;Web Development;5143;Hybrid;Junior
TypeScript;Spain;Embedded Systems;5212;Remote;Senior
TypeScript;Spain;Embedded Systems;3481;On-site;Senior
TypeScript;Spain;Enterprise Systems;3766;Hybrid;Senior
TypeScript;Spain;Data Science;5826;Hybrid;Junior
TypeScript;Spain;Game Dev;3468;On-site;Mid
TypeScript;Spain;Web Development;4109;On-site;Mid
TypeScript;Spain;Web Development;5869;Remote;Mid
Python;Spain;Mobile Apps;4297;Hybrid;Mid
Python;Spain;Embedded Systems;4164;Remote;Mid
Python;Spain;Web Development;5871;On-site;Mid
Python;Spain;Embedded Systems;4191;On-site;Senior
Python;Spain;Enterprise Systems;5859;Remote;Junior
Python;Spain;Embedded Systems;3568;Hybrid;Junior
Python;Spain;Data Science;4223;Hybrid;Senior
Python;Spain;Game Dev;5521;On-site;Mid
Python;Spain;Embedded Systems;2612;Remote;Senior
Python;Spain;Embedded Systems;3252;Hybrid;Mid
Python;Spain;Embedded Systems;3057;Remote;Mid
Python;Spain;Mobile Apps;5073;On-site;Mid
Python;Spain;Game Dev;2836;Remote;Junior
Python;Spain;Mobile Apps;4615;Hybrid;Senior
Python;Spain;Mobile Apps;5969;Hybrid;Senior
Python;Spain;Enterprise Systems;5746;On-site;Mid
Python;Spain;Enterprise Systems;5511;Remote;Mid
Python;Spain;Mobile Apps;5315;Hybrid;Mid
Python;Spain;Data Science;3313;Remote;Mid
Python;Spain;Data Science;3245;On-site;Mid
Python;Spain;Game Dev;3419;Remote;Junior
Python;Spain;Game Dev;5150;Hybrid;Senior
Python;Spain;Mobile Apps;2864;On-site;Junior
Python;Spain;Data Science;5372;Remote;Junior
Python;Spain;Enterprise Systems;5031;On-site;Senior
Python;Spain;Data Science;3111;Remote;Mid
Python;Spain;Mobile Apps;4823;Remote;Junior
Python;Spain;Embedded Systems;4653;On-site;Mid
Python;Spain;Embedded Systems;4524;Remote;Junior
Python;Spain;Embedded Systems;3332;Remote;Mid
Python;Spain;Data Science;5557;On-site;Mid
Java;Spain;Enterprise Systems;3346;Hybrid;Junior
Java;Spain;Data Science;5476;Hybrid;Junior
Java;Spain;Enterprise Systems;3238;On-site;Junior
Java;Spain;Web Development;3688;On-site;Junior
Java;Spain;Game Dev;4347;Remote;Mid
Java;Spain;Game Dev;5302;Hybrid;Mid
Java;Spain;Web Development;2542;On-site;Junior
Java;Spain;Data Science;5338;On-site;Senior
Java;Spain;Mobile Apps;5421;On-site;Senior
Java;Spain;Enterprise Systems;5515;Hybrid;Mid
Java;Spain;Web Development;2890;Hybrid;Junior
Java;Spain;Web Development;3863;Remote;Mid
Java;Spain;Data Science;4983;Hybrid;Senior
Java;Spain;Embedded Systems;5564;Remote;Junior
Java;Spain;Data Science;4566;Hybrid;Mid
Java;Spain;Data Science;4116;Hybrid;Mid
Java;Spain;Mobile Apps;4791;Remote;Senior
Java;Spain;Mobile Apps;3566;Remote;Senior
Java;Spain;Enterprise Systems;3889;On-site;Junior
Java;Spain;Web Development;3799;Hybrid;Senior
Java;Spain;Enterprise Systems;3080;On-site;Junior
Java;Spain;Data Science;2680;Remote;Mid
Java;Spain;Data Science;5563;On-site;Mid
Java;Spain;Data Science;3578;Hybrid;Mid
Java;Spain;Game Dev;3782;On-site;Junior
Java;Spain;Data Science;5518;On-site;Junior
Java;Spain;Game Dev;5994;Hybrid;Senior
Java;Spain;Enterprise Systems;2717;Remote;Junior
Java;Spain;Web Development;3441;Remote;Junior
C#;Spain;Data Science;3169;Hybrid;Mid
C#;Spain;Enterprise Systems;2975;On-site;Junior
C#;Spain;Enterprise Systems;3960;Hybrid;Senior
C#;Spain;Enterprise Systems;4374;On-site;Junior
C#;Spain;Embedded Systems;3106;Remote;Mid
C#;Spain;Web Development;3334;On-site;Junior
C#;Spain;Mobile Apps;5571;Hybrid;Mid
C#;Spain;Game Dev;5216;Hybrid;Junior
C#;Spain;Game Dev;2516;Hybrid;Senior
C#;Spain;Mobile Apps;4205;Remote;Junior
C#;Spain;Enterprise Systems;5272;Remote;Mid
C#;Spain;Web Development;3664;Hybrid;Senior
C#;Spain;Web Development;4114;On-site;Senior
C#;Spain;Web Development;5928;On-site;Junior
C#;Spain;Web Development;2832;On-site;Senior
C#;Spain;Embedded Systems;4465;On-site;Senior
C#;Spain;Data Science;4933;Hybrid;Junior
C#;Spain;Data Science;2679;Hybrid;Senior
C#;Spain;Enterprise Systems;3830;Hybrid;Senior
C#;Spain;Game Dev;3029;Remote;Junior
C#;Spain;Embedded Systems;3658;On-site;Junior
C#;Spain;Embedded Systems;2789;Hybrid;Senior
C#;Spain;Enterprise Systems;2879;On-site;Mid
C#;Spain;Mobile Apps;3483;On-site;Junior
C#;Spain;Web Development;5991;Remote;Junior
C#;Spain;Enterprise Systems;5692;On-site;Mid
C#;Spain;Embedded Systems;5582;Hybrid;Junior
C#;Spain;Web Development;3722;On-site;Mid
C#;Spain;Embedded Systems;5802;On-site;Senior
C#;Spain;Game Dev;3037;On-site;Senior
C#;Spain;Web Development;5908;On-site;Senior
C#;Spain;Mobile Apps;4505;On-site;Mid
C#;Spain;Enterprise Systems;3599;Hybrid;Senior
C#;Spain;Enterprise Systems;2869;On-site;Mid
C#;Spain;Game Dev;3263;On-site;Senior
C#;Spain;Enterprise Systems;2880;Remote;Senior
C#;Spain;Data Science;4398;Hybrid;Junior
C#;Spain;Embedded Systems;5310;Hybrid;Junior
C#;Spain;Enterprise Systems;4659;Hybrid;Senior
C#;Spain;Game Dev;2843;On-site;Mid
PHP;Spain;Web Development;5783;On-site;Mid
PHP;Spain;Mobile Apps;3023;Hybrid;Mid
PHP;Spain;Mobile Apps;4642;On-site;Mid
PHP;Spain;Game Dev;2695;Hybrid;Junior
PHP;Spain;Web Development;4602;Remote;Senior
PHP;Spain;Enterprise Systems;4191;Remote;Mid
PHP;Spain;Embedded Systems;5450;Hybrid;Mid
PHP;Spain;Data Science;3543;Hybrid;Junior
PHP;Spain;Game Dev;2566;Remote;Senior
PHP;Spain;Embedded Systems;4395;Remote;Junior
PHP;Spain;Enterprise Systems;2685;Remote;Mid
PHP;Spain;Embedded Systems;3719;On-site;Senior
PHP;Spain;Embedded Systems;4363;Hybrid;Mid
PHP;Spain;Game Dev;5808;On-site;Mid
PHP;Spain;Mobile Apps;3364;Remote;Junior
PHP;Spain;Embedded Systems;4974;On-site;Senior
PHP;Spain;Web Development;4276;Hybrid;Junior
PHP;Spain;Web Development;4117;Remote;Junior
PHP;Spain;Mobile Apps;5186;On-site;Mid
PHP;Spain;Embedded Systems;4159;Hybrid;Senior
PHP;Spain;Game Dev;5473;On-site;Mid
PHP;Spain;Game Dev;5830;Hybrid;Mid
PHP;Spain;Embedded Systems;5259;Hybrid;Senior
PHP;Spain;Enterprise Systems;5795;On-site;Junior
PHP;Spain;Mobile Apps;3053;Remote;Junior
PHP;Spain;Web Development;5842;Remote;Senior
PHP;Spain;Mobile Apps;2609;Remote;Mid
PHP;Spain;Embedded Systems;3094;Hybrid;Junior
PHP;Spain;Enterprise Systems;5949;Hybrid;Senior
PHP;Spain;Mobile Apps;2852;On-site;Mid
PHP;Spain;Mobile Apps;4441;On-site;Junior
PHP;Spain;Web Development;3180;Remote;Senior
PHP;Spain;Embedded Systems;4323;On-site;Mid
PHP;Spain;Web Development;4341;Hybrid;Junior
PHP;Spain;Mobile Apps;3707;Hybrid;Mid
PHP;Spain;Web Development;3867;Remote;Junior
PHP;Spain;Embedded Systems;5971;Hybrid;Mid
PHP;Spain;Enterprise Systems;5975;On-site;Senior
C/C++;Spain;Web Development;4496;On-site;Mid
C/C++;Spain;Game Dev;4920;Hybrid;Senior
C/C++;Spain;Embedded Systems;5845;On-site;Junior
C/C++;Spain;Embedded Systems;2748;Hybrid;Junior
C/C++;Spain;Enterprise Systems;4860;On-site;Senior
C/C++;Spain;Web Development;3597;Hybrid;Mid
C/C++;Spain;Enterprise Systems;2978;On-site;Senior
C/C++;Spain;Embedded Systems;3920;On-site;Senior
C/C++;Spain;Enterprise Systems;2585;Remote;Mid
C/C++;Spain;Embedded Systems;3287;On-site;Mid
C/C++;Spain;Enterprise Systems;3450;Hybrid;Junior
C/C++;Spain;Game Dev;5305;On-site;Senior
C/C++;Spain;Embedded Systems;5190;On-site;Junior
C/C++;Spain;Data Science;5461;Hybrid;Mid
C/C++;Spain;Enterprise Systems;5912;Hybrid;Senior
C/C++;Spain;Embedded Systems;3975;On-site;Junior
C/C++;Spain;Game Dev;3348;On-site;Senior
C/C++;Spain;Embedded Systems;2853;Hybrid;Mid
C/C++;Spain;Mobile Apps;3209;Remote;Junior
C/C++;Spain;Game Dev;4515;Remote;Mid
C/C++;Spain;Enterprise Systems;3743;Remote;Junior
C/C++;Spain;Game Dev;2692;Remote;Mid
C/C++;Spain;Data Science;3962;Hybrid;Junior
C/C++;Spain;Mobile Apps;5891;Hybrid;Junior
C/C++;Spain;Web Development;3883;On-site;Junior
C/C++;Spain;Game Dev;3428;Remote;Senior
C/C++;Spain;Mobile Apps;4492;On-site;Mid
C/C++;Spain;Data Science;5651;Remote;Senior
C/C++;Spain;Data Science;3119;Hybrid;Senior
C/C++;Spain;Game Dev;5242;Remote;Senior
C/C++;Spain;Web Development;4293;On-site;Junior
C/C++;Spain;Web Development;5701;Hybrid;Senior
C/C++;Spain;Web Development;5873;Hybrid;Junior
C/C++;Spain;Game Dev;2931;Remote;Senior
Ruby;Spain;Mobile Apps;3981;Remote;Senior
Ruby;Spain;Data Science;5400;On-site;Senior
Ruby;Spain;Enterprise Systems;5500;Remote;Junior
Ruby;Spain;Embedded Systems;3989;On-site;Junior
Ruby;Spain;Web Development;5975;Remote;Mid
Ruby;Spain;Enterprise Systems;5650;Remote;Junior
Ruby;Spain;Enterprise Systems;3898;On-site;Senior
Ruby;Spain;Mobile Apps;2849;On-site;Mid
Ruby;Spain;Embedded Systems;5591;On-site;Mid
Ruby;Spain;Embedded Systems;5223;Remote;Junior
Ruby;Spain;Game Dev;4227;Remote;Junior
Ruby;Spain;Enterprise Systems;4193;On-site;Mid
Ruby;Spain;Game Dev;5754;Hybrid;Mid
Ruby;Spain;Web Development;4312;Remote;Junior
Ruby;Spain;Embedded Systems;5802;Hybrid;Junior
Ruby;Spain;Web Development;3885;On-site;Mid
Ruby;Spain;Mobile Apps;4277;Remote;Mid
Ruby;Spain;Web Development;5204;Hybrid;Junior
Ruby;Spain;Game Dev;2736;Hybrid;Senior
Ruby;Spain;Embedded Systems;4629;On-site;Mid
Ruby;Spain;Enterprise Systems;5288;Hybrid;Senior
Ruby;Spain;Data Science;5455;Hybrid;Mid
Ruby;Spain;Data Science;2532;On-site;Senior
Ruby;Spain;Game Dev;3101;Hybrid;Mid
Ruby;Spain;Enterprise Systems;5137;Remote;Senior
Ruby;Spain;Game Dev;5729;Hybrid;Senior
Ruby;Spain;Enterprise Systems;5356;On-site;Senior
Ruby;Spain;Enterprise Systems;5676;Remote;Mid
